{"mean": [-6.454239655893807, 0.9694992269335477, -0.9567002494118706], "scale": [9.580519480293143, 16.83343776426258, 10.7549522596558]}